country_code,country,usa_state_code,usa_state_latitude,usa_state_longitude,usa_state,coordinates,
AD,Andorra,AK,63.588753,-154.493062,Alaska,42.546245,1.601554
AE,United Arab Emirates,AL,32.318231,-86.902298,Alabama,23.424076,53.847818
AF,Afghanistan,AR,35.20105,-91.831833,Arkansas,33.93911,67.709953
AG,Antigua and Barbuda,AZ,34.048928,-111.093731,Arizona,17.060816,-61.796428
AI,Anguilla,CA,36.778261,-119.417932,California,18.220554,-63.068615
AL,Albania,CO,39.550051,-105.782067,Colorado,41.153332,20.168331
AM,Armenia,CT,41.603221,-73.087749,Connecticut,40.069099,45.038189
AN,Netherlands Antilles,DC,38.905985,-77.033418,District of Columbia,12.226079,-69.060087
AO,Angola,DE,38.910832,-75.52767,Delaware,-11.202692,17.873887
AQ,Antarctica,FL,27.664827,-81.515754,Florida,-75.250973,-0.071389
AR,Argentina,GA,32.157435,-82.907123,Georgia,-38.416097,-63.616672
AS,American Samoa,HI,19.898682,-155.665857,Hawaii,-14.270972,-170.132217
AT,Austria,IA,41.878003,-93.097702,Iowa,47.516231,14.550072
AU,Australia,ID,44.068202,-114.742041,Idaho,-25.274398,133.775136
AW,Aruba,IL,40.633125,-89.398528,Illinois,12.52111,-69.968338
AZ,Azerbaijan,IN,40.551217,-85.602364,Indiana,40.143105,47.576927
BA,Bosnia and Herzegovina,KS,39.011902,-98.484246,Kansas,43.915886,17.679076
BB,Barbados,KY,37.839333,-84.270018,Kentucky,13.193887,-59.543198
BD,Bangladesh,LA,31.244823,-92.145024,Louisiana,23.684994,90.356331
BE,Belgium,MA,42.407211,-71.382437,Massachusetts,50.503887,4.469936
BF,Burkina Faso,MD,39.045755,-76.641271,Maryland,12.238333,-1.561593
BG,Bulgaria,ME,45.253783,-69.445469,Maine,42.733883,25.48583
BH,Bahrain,MI,44.314844,-85.602364,Michigan,25.930414,50.637772
BI,Burundi,MN,46.729553,-94.6859,Minnesota,-3.373056,29.918886
BJ,Benin,MO,37.964253,-91.831833,Missouri,9.30769,2.315834
BM,Bermuda,MS,32.354668,-89.398528,Mississippi,32.321384,-64.75737
BN,Brunei,MT,46.879682,-110.362566,Montana,4.535277,114.727669
BO,Bolivia,NC,35.759573,-79.0193,North Carolina,-16.290154,-63.588653
BR,Brazil,ND,47.551493,-101.002012,North Dakota,-14.235004,-51.92528
BS,Bahamas,NE,41.492537,-99.901813,Nebraska,25.03428,-77.39628
BT,Bhutan,NH,43.193852,-71.572395,New Hampshire,27.514162,90.433601
BV,Bouvet Island,NJ,40.058324,-74.405661,New Jersey,-54.423199,3.413194
BW,Botswana,NM,34.97273,-105.032363,New Mexico,-22.328474,24.684866
BY,Belarus,NV,38.80261,-116.419389,Nevada,53.709807,27.953389
BZ,Belize,NY,43.299428,-74.217933,New York,17.189877,-88.49765
CA,Canada,OH,40.417287,-82.907123,Ohio,56.130366,-106.346771
CC,Cocos [Keeling] Islands,OK,35.007752,-97.092877,Oklahoma,-12.164165,96.870956
CD,Congo [DRC],OR,43.804133,-120.554201,Oregon,-4.038333,21.758664
CF,Central African Republic,PA,41.203322,-77.194525,Pennsylvania,6.611111,20.939444
CG,Congo [Republic],PR,18.220833,-66.590149,Puerto Rico,-0.228021,15.827659
CH,Switzerland,RI,41.580095,-71.477429,Rhode Island,46.818188,8.227512
CI,Côte d'Ivoire,SC,33.836081,-81.163725,South Carolina,7.539989,-5.54708
CK,Cook Islands,SD,43.969515,-99.901813,South Dakota,-21.236736,-159.777671
CL,Chile,TN,35.517491,-86.580447,Tennessee,-35.675147,-71.542969
CM,Cameroon,TX,31.968599,-99.901813,Texas,7.369722,12.354722
CN,China,UT,39.32098,-111.093731,Utah,35.86166,104.195397
CO,Colombia,VA,37.431573,-78.656894,Virginia,4.570868,-74.297333
CR,Costa Rica,VT,44.558803,-72.577841,Vermont,9.748917,-83.753428
CU,Cuba,WA,47.751074,-120.740139,Washington,21.521757,-77.781167
CV,Cape Verde,WI,43.78444,-88.787868,Wisconsin,16.002082,-24.013197
CX,Christmas Island,WV,38.597626,-80.454903,West Virginia,-10.447525,105.690449
CY,Cyprus,WY,43.075968,-107.290284,Wyoming,35.126413,33.429859
CZ,Czech Republic,,,,,49.817492,15.472962
DE,Germany,,,,,51.165691,10.451526
DJ,Djibouti,,,,,11.825138,42.590275
DK,Denmark,,,,,56.26392,9.501785
DM,Dominica,,,,,15.414999,-61.370976
DO,Dominican Republic,,,,,18.735693,-70.162651
DZ,Algeria,,,,,28.033886,1.659626
EC,Ecuador,,,,,-1.831239,-78.183406
EE,Estonia,,,,,58.595272,25.013607
EG,Egypt,,,,,26.820553,30.802498
EH,Western Sahara,,,,,24.215527,-12.885834
ER,Eritrea,,,,,15.179384,39.782334
ES,Spain,,,,,40.463667,-3.74922
ET,Ethiopia,,,,,9.145,40.489673
FI,Finland,,,,,61.92411,25.748151
FJ,Fiji,,,,,-16.578193,179.414413
FK,Falkland Islands [Islas Malvinas],,,,,-51.796253,-59.523613
FM,Micronesia,,,,,7.425554,150.550812
FO,Faroe Islands,,,,,61.892635,-6.911806
FR,France,,,,,46.227638,2.213749
GA,Gabon,,,,,-0.803689,11.609444
GB,United Kingdom,,,,,55.378051,-3.435973
GD,Grenada,,,,,12.262776,-61.604171
GE,Georgia,,,,,42.315407,43.356892
GF,French Guiana,,,,,3.933889,-53.125782
GG,Guernsey,,,,,49.465691,-2.585278
GH,Ghana,,,,,7.946527,-1.023194
GI,Gibraltar,,,,,36.137741,-5.345374
GL,Greenland,,,,,71.706936,-42.604303
GM,Gambia,,,,,13.443182,-15.310139
GN,Guinea,,,,,9.945587,-9.696645
GP,Guadeloupe,,,,,16.995971,-62.067641
GQ,Equatorial Guinea,,,,,1.650801,10.267895
GR,Greece,,,,,39.074208,21.824312
GS,South Georgia and the South Sandwich Islands,,,,,-54.429579,-36.587909
GT,Guatemala,,,,,15.783471,-90.230759
GU,Guam,,,,,13.444304,144.793731
GW,Guinea-Bissau,,,,,11.803749,-15.180413
GY,Guyana,,,,,4.860416,-58.93018
GZ,Gaza Strip,,,,,31.354676,34.308825
HK,Hong Kong,,,,,22.396428,114.109497
HM,Heard Island and McDonald Islands,,,,,-53.08181,73.504158
HN,Honduras,,,,,15.199999,-86.241905
HR,Croatia,,,,,45.1,15.2
HT,Haiti,,,,,18.971187,-72.285215
HU,Hungary,,,,,47.162494,19.503304
ID,Indonesia,,,,,-0.789275,113.921327
IE,Ireland,,,,,53.41291,-8.24389
IL,Israel,,,,,31.046051,34.851612
IM,Isle of Man,,,,,54.236107,-4.548056
IN,India,,,,,20.593684,78.96288
IO,British Indian Ocean Territory,,,,,-6.343194,71.876519
IQ,Iraq,,,,,33.223191,43.679291
IR,Iran,,,,,32.427908,53.688046
IS,Iceland,,,,,64.963051,-19.020835
IT,Italy,,,,,41.87194,12.56738
JE,Jersey,,,,,49.214439,-2.13125
JM,Jamaica,,,,,18.109581,-77.297508
JO,Jordan,,,,,30.585164,36.238414
JP,Japan,,,,,36.204824,138.252924
KE,Kenya,,,,,-0.023559,37.906193
KG,Kyrgyzstan,,,,,41.20438,74.766098
KH,Cambodia,,,,,12.565679,104.990963
KI,Kiribati,,,,,-3.370417,-168.734039
KM,Comoros,,,,,-11.875001,43.872219
KN,Saint Kitts and Nevis,,,,,17.357822,-62.782998
KP,North Korea,,,,,40.339852,127.510093
KR,South Korea,,,,,35.907757,127.766922
KW,Kuwait,,,,,29.31166,47.481766
KY,Cayman Islands,,,,,19.513469,-80.566956
KZ,Kazakhstan,,,,,48.019573,66.923684
LA,Laos,,,,,19.85627,102.495496
LB,Lebanon,,,,,33.854721,35.862285
LC,Saint Lucia,,,,,13.909444,-60.978893
LI,Liechtenstein,,,,,47.166,9.555373
LK,Sri Lanka,,,,,7.873054,80.771797
LR,Liberia,,,,,6.428055,-9.429499
LS,Lesotho,,,,,-29.609988,28.233608
LT,Lithuania,,,,,55.169438,23.881275
LU,Luxembourg,,,,,49.815273,6.129583
LV,Latvia,,,,,56.879635,24.603189
LY,Libya,,,,,26.3351,17.228331
MA,Morocco,,,,,31.791702,-7.09262
MC,Monaco,,,,,43.750298,7.412841
MD,Moldova,,,,,47.411631,28.369885
ME,Montenegro,,,,,42.708678,19.37439
MG,Madagascar,,,,,-18.766947,46.869107
MH,Marshall Islands,,,,,7.131474,171.184478
MK,Macedonia [FYROM],,,,,41.608635,21.745275
ML,Mali,,,,,17.570692,-3.996166
MM,Myanmar [Burma],,,,,21.913965,95.956223
MN,Mongolia,,,,,46.862496,103.846656
MO,Macau,,,,,22.198745,113.543873
MP,Northern Mariana Islands,,,,,17.33083,145.38469
MQ,Martinique,,,,,14.641528,-61.024174
MR,Mauritania,,,,,21.00789,-10.940835
MS,Montserrat,,,,,16.742498,-62.187366
MT,Malta,,,,,35.937496,14.375416
MU,Mauritius,,,,,-20.348404,57.552152
MV,Maldives,,,,,3.202778,73.22068
MW,Malawi,,,,,-13.254308,34.301525
MX,Mexico,,,,,23.634501,-102.552784
MY,Malaysia,,,,,4.210484,101.975766
MZ,Mozambique,,,,,-18.665695,35.529562
NA,Namibia,,,,,-22.95764,18.49041
NC,New Caledonia,,,,,-20.904305,165.618042
NE,Niger,,,,,17.607789,8.081666
NF,Norfolk Island,,,,,-29.040835,167.954712
NG,Nigeria,,,,,9.081999,8.675277
NI,Nicaragua,,,,,12.865416,-85.207229
NL,Netherlands,,,,,52.132633,5.291266
NO,Norway,,,,,60.472024,8.468946
NP,Nepal,,,,,28.394857,84.124008
NR,Nauru,,,,,-0.522778,166.931503
NU,Niue,,,,,-19.054445,-169.867233
NZ,New Zealand,,,,,-40.900557,174.885971
OM,Oman,,,,,21.512583,55.923255
PA,Panama,,,,,8.537981,-80.782127
PE,Peru,,,,,-9.189967,-75.015152
PF,French Polynesia,,,,,-17.679742,-149.406843
PG,Papua New Guinea,,,,,-6.314993,143.95555
PH,Philippines,,,,,12.879721,121.774017
PK,Pakistan,,,,,30.375321,69.345116
PL,Poland,,,,,51.919438,19.145136
PM,Saint Pierre and Miquelon,,,,,46.941936,-56.27111
PN,Pitcairn Islands,,,,,-24.703615,-127.439308
PR,Puerto Rico,,,,,18.220833,-66.590149
PS,Palestinian Territories,,,,,31.952162,35.233154
PT,Portugal,,,,,39.399872,-8.224454
PW,Palau,,,,,7.51498,134.58252
PY,Paraguay,,,,,-23.442503,-58.443832
QA,Qatar,,,,,25.354826,51.183884
RE,Réunion,,,,,-21.115141,55.536384
RO,Romania,,,,,45.943161,24.96676
RS,Serbia,,,,,44.016521,21.005859
RU,Russia,,,,,61.52401,105.318756
RW,Rwanda,,,,,-1.940278,29.873888
SA,Saudi Arabia,,,,,23.885942,45.079162
SB,Solomon Islands,,,,,-9.64571,160.156194
SC,Seychelles,,,,,-4.679574,55.491977
SD,Sudan,,,,,12.862807,30.217636
SE,Sweden,,,,,60.128161,18.643501
SG,Singapore,,,,,1.352083,103.819836
SH,Saint Helena,,,,,-24.143474,-10.030696
SI,Slovenia,,,,,46.151241,14.995463
SJ,Svalbard and Jan Mayen,,,,,77.553604,23.670272
SK,Slovakia,,,,,48.669026,19.699024
SL,Sierra Leone,,,,,8.460555,-11.779889
SM,San Marino,,,,,43.94236,12.457777
SN,Senegal,,,,,14.497401,-14.452362
SO,Somalia,,,,,5.152149,46.199616
SR,Suriname,,,,,3.919305,-56.027783
ST,São Tomé and Príncipe,,,,,0.18636,6.613081
SV,El Salvador,,,,,13.794185,-88.89653
SY,Syria,,,,,34.802075,38.996815
SZ,Swaziland,,,,,-26.522503,31.465866
TC,Turks and Caicos Islands,,,,,21.694025,-71.797928
TD,Chad,,,,,15.454166,18.732207
TF,French Southern Territories,,,,,-49.280366,69.348557
TG,Togo,,,,,8.619543,0.824782
TH,Thailand,,,,,15.870032,100.992541
TJ,Tajikistan,,,,,38.861034,71.276093
TK,Tokelau,,,,,-8.967363,-171.855881
TL,Timor-Leste,,,,,-8.874217,125.727539
TM,Turkmenistan,,,,,38.969719,59.556278
TN,Tunisia,,,,,33.886917,9.537499
TO,Tonga,,,,,-21.178986,-175.198242
TR,Turkey,,,,,38.963745,35.243322
TT,Trinidad and Tobago,,,,,10.691803,-61.222503
TV,Tuvalu,,,,,-7.109535,177.64933
TW,Taiwan,,,,,23.69781,120.960515
TZ,Tanzania,,,,,-6.369028,34.888822
UA,Ukraine,,,,,48.379433,31.16558
UG,Uganda,,,,,1.373333,32.290275
UM,U.S. Minor Outlying Islands,,,,,,
US,United States,,,,,37.09024,-95.712891
UY,Uruguay,,,,,-32.522779,-55.765835
UZ,Uzbekistan,,,,,41.377491,64.585262
VA,Vatican City,,,,,41.902916,12.453389
VC,Saint Vincent and the Grenadines,,,,,12.984305,-61.287228
VE,Venezuela,,,,,6.42375,-66.58973
VG,British Virgin Islands,,,,,18.420695,-64.639968
VI,U.S. Virgin Islands,,,,,18.335765,-64.896335
VN,Vietnam,,,,,14.058324,108.277199
VU,Vanuatu,,,,,-15.376706,166.959158
WF,Wallis and Futuna,,,,,-13.768752,-177.156097
WS,Samoa,,,,,-13.759029,-172.104629
XK,Kosovo,,,,,42.602636,20.902977
YE,Yemen,,,,,15.552727,48.516388
YT,Mayotte,,,,,-12.8275,45.166244
ZA,South Africa,,,,,-30.559482,22.937506
ZM,Zambia,,,,,-13.133897,27.849332
ZW,Zimbabwe,,,,,-19.015438,29.154857
